,N,chi,f_tree,f_mps,f_omps,mem_tree,mem_mps,mem_omps
0,50,5,0.16773252857682838,0.09601078054064513,0.15723880367208698,352,320,320
1,50,6,0.09279878646967256,0.1239842421230458,0.1875389645994944,436,424,424
2,50,7,0.17464205482245856,0.17890670790566926,0.22454176853728247,528,544,544
3,50,8,0.2680367440209816,0.28403724993945756,0.23666586615364463,628,680,680
4,50,9,0.3203336177124276,0.34200564771776926,0.2647679389721087,692,780,780
5,50,10,0.3681093589275212,0.4077292191221413,0.355162160297547,756,888,888
6,50,11,0.4331705034658636,0.4537775430454767,0.3756083909531847,820,1004,1004
7,50,12,0.49583891166746924,0.515245846775185,0.44584553120516,884,1128,1128
8,50,13,0.5264348967598397,0.5677086155500779,0.5016192297045844,948,1260,1260
9,50,14,0.5925770060789189,0.6250231728638246,0.5533933398104648,1012,1400,1400
10,50,15,0.6392694284956183,0.683816168268438,0.6222562242244554,1076,1548,1548
11,50,16,0.7011166351102285,0.7684769373972478,0.717513518313881,1140,1704,1704
12,50,17,0.7234950204839022,0.7972198597570458,0.750797171320844,1204,1768,1768
13,50,18,0.7682303594653447,0.834443791105388,0.7819000591955415,1268,1832,1832
14,50,19,0.802037410258803,0.8520056907941886,0.8148492420034972,1332,1896,1896
15,50,5,0.13296916977754764,0.12505882341450741,0.19101030166024127,388,320,320
16,50,6,0.1640828422946187,0.15771140759930105,0.2493365088068012,452,424,424
17,50,7,0.2227889737217116,0.16635857564885848,0.2841661099996329,516,544,544
18,50,8,0.25555961023798907,0.21607303895440277,0.31437970936965065,580,680,680
19,50,9,0.2885994399904731,0.23971672128667681,0.35405878707176625,644,780,780
20,50,10,0.3338919827485673,0.2664439709066817,0.37937515957188,708,888,888
21,50,11,0.3846417909864867,0.3047869604618549,0.4151105986273345,772,1004,1004
22,50,12,0.42071054620845155,0.3267750048320371,0.4521553884595068,836,1128,1128
23,50,13,0.4657988422023903,0.3704205234728724,0.5038640950118967,900,1260,1260
24,50,14,0.5059788566597971,0.44024406081153444,0.553990495981898,964,1400,1400
25,50,15,0.5404564035505354,0.500668996775055,0.5994604419577636,1028,1548,1548
26,50,16,0.575670226567821,0.6024945693106953,0.6731565736653503,1092,1704,1704
27,50,17,0.6126425532819275,0.6441278186118538,0.7095209375613504,1156,1768,1768
28,50,18,0.6568461999967566,0.679982561083008,0.745009560478031,1220,1832,1832
29,50,19,0.6952809536170109,0.7186629885377358,0.7762836881833843,1284,1896,1896
30,50,5,0.06569620560357908,0.04416752626977022,0.07873873217701426,532,278,320
31,50,6,0.07689444781807422,0.0422329404802519,0.07751421211916928,724,424,424
32,50,7,0.16624090760273785,0.08796033762121394,0.09742077361382695,948,544,544
33,50,8,0.19302813358408388,0.08642163577768439,0.11123960720881021,1204,680,680
34,50,9,0.2992456057182522,0.1530848250304397,0.12171888699904816,1204,780,780
35,50,10,0.3496959633265272,0.18554826819258655,0.13094265336114674,1204,888,888
36,50,11,0.4296894715644026,0.20816133605094855,0.17965591571799472,1204,1004,1004
37,50,12,0.5451521214525448,0.2325960221808288,0.23804510001337512,1204,1128,1128
38,50,13,0.6589675412892272,0.2591000986230002,0.2588767604987792,1204,1260,1260
39,50,14,0.7632423982477291,0.26819370207777077,0.30949678883047144,1204,1400,1400
40,50,15,0.8752928946572749,0.311320291119064,0.3081088701117952,1204,1548,1548
41,50,16,0.9999999999999629,0.3380544288077755,0.34066556021762145,1204,1704,1704
42,50,17,0.9999999999999629,0.40344400299756333,0.3857871701874716,1204,1768,1768
43,50,18,0.9999999999999629,0.42387615719484445,0.422059864715965,1204,1832,1832
44,50,19,0.9999999999999629,0.4517488999275031,0.4637820673123709,1204,1896,1896
45,50,5,0.06861932478413024,0.04273265351289312,0.06543746705490325,306,320,320
46,50,6,0.09621205204432544,0.04628269199144767,0.11519416086669407,396,424,424
47,50,7,0.12076132884031783,0.07034088858624263,0.16675720223924206,498,544,544
48,50,8,0.2019387966535783,0.14726677195201934,0.2222658590436983,612,680,680
49,50,9,0.25419058570925945,0.165094433866224,0.2848863869654254,694,780,780
50,50,10,0.3300955506449519,0.1870005498976864,0.3281450495718745,780,888,888
51,50,11,0.38784193861531696,0.2094297305088772,0.39726161348385103,870,1004,1004
52,50,12,0.45981146793665517,0.24737449652542084,0.466689738676551,964,1128,1128
53,50,13,0.5062136487777132,0.30212634935965293,0.5278466292521742,1062,1260,1260
54,50,14,0.5471532871248141,0.35335565853428935,0.6111701123795925,1164,1400,1400
55,50,15,0.6313824334833792,0.4382124319266973,0.678065558561731,1270,1548,1548
56,50,16,0.704524852428336,0.5309898347832442,0.7530079409969057,1380,1704,1704
57,50,17,0.7417317058799556,0.5672203678631238,0.7929306966273736,1444,1768,1768
58,50,18,0.7740291833264922,0.6203496096671836,0.8239850591703359,1508,1832,1832
59,50,19,0.8057299168504823,0.6660881236376022,0.8560978261651745,1572,1896,1896
60,50,5,0.3423598746902789,0.21498186660730323,0.24377629521294825,388,320,320
61,50,6,0.5147448412585097,0.2713830466133415,0.27776387647950507,452,424,424
62,50,7,0.593492831027881,0.3154283373666956,0.3587398658323646,516,544,544
63,50,8,0.653979039592184,0.39009729444792535,0.4021526717784693,580,680,680
64,50,9,0.695212270947434,0.4366238810918041,0.4729169616740685,644,780,780
65,50,10,0.7361787119177086,0.47945175033366283,0.5191475139087215,708,888,888
66,50,11,0.7681041172859757,0.5408305249190912,0.5860424187159973,772,1004,1004
67,50,12,0.7895360629835868,0.6023705155278674,0.6438294996315042,836,1128,1128
68,50,13,0.8176106530038716,0.6521529960239055,0.6974558629637339,900,1260,1260
69,50,14,0.8440030157626418,0.7026713001179261,0.7516878719892499,964,1400,1400
70,50,15,0.8647884268095439,0.7523720928946872,0.7970439685005364,1028,1548,1548
71,50,16,0.8826343622189219,0.8070197937711395,0.8433719702548893,1092,1704,1704
72,50,17,0.9084629281392246,0.8363492160645744,0.8664800215095786,1156,1768,1768
73,50,18,0.9238752580695939,0.862338182254664,0.8884428736050151,1220,1832,1832
74,50,19,0.9343909809210675,0.8847605840648375,0.9093027339757362,1284,1896,1896
75,80,5,0.0137570440603762,0.013464670564780668,0.018993022859070223,372,320,320
76,80,6,0.024405231462003133,0.021962291985849317,0.020359626228601477,484,424,424
77,80,7,0.04390798189231447,0.027331727270515305,0.050552832811034044,612,544,544
78,80,8,0.06310626578704163,0.04156902471126774,0.08034454054155511,756,680,680
79,80,9,0.07275203781839837,0.07257151762469079,0.11180085555586546,836,780,780
80,80,10,0.1354808231157725,0.12188717452523277,0.15477553476698994,916,888,888
81,80,11,0.13771524110600897,0.17275502357907738,0.20341599754079914,996,1004,1004
82,80,12,0.17029559630835486,0.2134161601365973,0.26748767352250186,1076,1128,1128
83,80,13,0.25963332783878146,0.2892398971036694,0.32732870042483836,1156,1260,1260
84,80,14,0.32590081004556676,0.3269977931326605,0.40728823965524635,1236,1400,1400
85,80,15,0.39337300509560164,0.42181058567076635,0.5024069191655853,1316,1548,1548
86,80,16,0.4792948070187783,0.5000074865716475,0.5851179491153117,1396,1704,1704
87,80,17,0.5356234168456536,0.5309266909265403,0.614731417299095,1396,1768,1768
88,80,18,0.584319366481309,0.5689454819803533,0.6615086846302569,1396,1832,1832
89,80,19,0.6321471709854675,0.6285939958980958,0.6969213403740981,1396,1896,1896
90,80,5,0.011645988455450958,0.019346491550003512,0.029724032364265525,352,320,320
91,80,6,0.014850859658921753,0.017796539555476994,0.03304959655595843,436,424,424
92,80,7,0.03527911449748422,0.03228596399358906,0.0373973944588536,528,544,544
93,80,8,0.03449300997688631,0.04089168839059975,0.046115205353422235,628,680,680
94,80,9,0.05260104472791391,0.06189330619677179,0.07031049216230965,692,780,780
95,80,10,0.08820066162095457,0.0681134420077894,0.07669892576939327,756,888,888
96,80,11,0.11687295589609921,0.09004071355566835,0.08109253185522668,820,1004,1004
97,80,12,0.1657460377422822,0.11790599883589545,0.12239934859533136,884,1128,1128
98,80,13,0.19927608671178007,0.14096881419222088,0.14505679077680747,948,1260,1260
99,80,14,0.2596334577784784,0.18318948637467264,0.213805371239059,1012,1400,1400
100,80,15,0.3044687655159562,0.24068182510654698,0.26754021083921437,1076,1548,1548
101,80,16,0.3566376017952886,0.2850747273816348,0.36352272530406027,1140,1704,1704
102,80,17,0.4038825370169322,0.33394703253491803,0.4036287588645866,1204,1768,1768
103,80,18,0.4561066314022956,0.3765169667588188,0.451366734940627,1268,1832,1832
104,80,19,0.49837321126644285,0.42458644110119675,0.5040359690551771,1332,1896,1896
105,80,5,0.004860474679367792,0.0013609537825970065,0.005093760882402906,354,320,320
106,80,6,0.003605455436538599,0.0013646730591166984,0.002017623024676862,424,424,424
107,80,7,0.004380489291878384,0.002588324976434855,0.003477986221748816,498,544,544
108,80,8,0.003062982359955517,0.0026721495702885594,0.0009611595851155346,576,680,680
109,80,9,0.01130636681517258,0.0059594605021066754,0.008183047353972706,658,780,780
110,80,10,0.012519186106379981,0.009877213901453968,0.00847677571803837,744,888,888
111,80,11,0.03300289306637663,0.011284990647849569,0.010581898829543924,834,1004,1004
112,80,12,0.02783997270084996,0.009370470443175235,0.013064090887582161,928,1128,1128
113,80,13,0.052087698091967345,0.03672230530264066,0.03141230244661714,1026,1260,1260
114,80,14,0.06011113318069174,0.042058915779243304,0.04528434144836234,1128,1400,1400
115,80,15,0.1059147351524686,0.08056216435630416,0.05470708539420826,1234,1548,1548
116,80,16,0.14781430287599398,0.09775155500609763,0.09365534841898784,1344,1704,1704
117,80,17,0.16671809927034456,0.1288093796540174,0.12992073210052235,1408,1768,1768
118,80,18,0.18864820111118794,0.1798833117496804,0.17229770302218567,1472,1832,1832
119,80,19,0.23231816699948746,0.21846215483965564,0.22700078194265116,1536,1896,1896
120,80,5,0.009002979511435503,0.005772874767073436,0.00918725829470492,450,320,320
121,80,6,0.007420833294906433,0.008499883576943928,0.00995905519325938,544,424,424
122,80,7,0.024840070003202395,0.009414136548637772,0.015170140014719634,642,544,544
123,80,8,0.049546336613042724,0.008920034557237246,0.034246492724943664,744,680,680
124,80,9,0.05951887036887484,0.018235356160271856,0.03877558983662584,824,780,780
125,80,10,0.07839102863172619,0.02174494347027345,0.05918462139834978,904,888,888
126,80,11,0.09577734762463458,0.02471022002314772,0.07850752334123395,984,1004,1004
127,80,12,0.1475786343340432,0.0378590754662178,0.09099215247641405,1064,1128,1128
128,80,13,0.19421098951194637,0.052373601418180066,0.12028096298211892,1144,1260,1260
129,80,14,0.2517845113500722,0.05389402268734886,0.15476521969037682,1224,1400,1400
130,80,15,0.3663327135336052,0.08202782232508671,0.1851937238326037,1304,1548,1548
131,80,16,0.49516916486999607,0.1019439280344924,0.23437801816430912,1384,1704,1704
132,80,17,0.5361980517066086,0.12280381070347463,0.2752864943486478,1384,1768,1768
133,80,18,0.5692356239921313,0.15873986879496355,0.3221226875019588,1384,1832,1832
134,80,19,0.6059705651202529,0.1985704423246334,0.3638042842935568,1384,1896,1896
135,80,5,0.024435456240326767,0.0202228977552714,0.04378578852689454,532,320,320
136,80,6,0.030730426727492814,0.02281430649431514,0.060808514978432184,724,424,424
137,80,7,0.049736260356328936,0.023559000067367615,0.06125884657564839,948,544,544
138,80,8,0.07864332816416487,0.028638428288737645,0.07253536024798396,1204,680,680
139,80,9,0.10547592455892456,0.03900636114766605,0.08667374105839634,1204,780,780
140,80,10,0.12315071718796163,0.05806184151760829,0.0997111688829806,1204,888,888
141,80,11,0.18699108743834067,0.06076297225865355,0.11912686224929064,1204,1004,1004
142,80,12,0.25118491115686953,0.07956319705593086,0.15807840916423246,1204,1128,1128
143,80,13,0.37190511215232525,0.09581591839481554,0.19416105695514804,1204,1260,1260
144,80,14,0.5147489878407461,0.10933137324200581,0.23932432056100233,1204,1400,1400
145,80,15,0.7159862343124479,0.14607339531960134,0.30111417067096097,1204,1548,1548
146,80,16,0.9999999999999603,0.19678585213543506,0.3778482905299443,1204,1704,1704
147,80,17,0.9999999999999603,0.24378067509142146,0.42509194475836615,1204,1768,1768
148,80,18,0.9999999999999603,0.29116905192989245,0.4869470856962284,1204,1832,1832
149,80,19,0.9999999999999603,0.32803203573999884,0.5383217420589514,1204,1896,1896
150,110,5,0.00033556679080718214,0.0001794715504582608,0.00039690655809072325,318,320,320
151,110,6,0.00023903372339917174,0.00045830616136938634,0.0008108066508181266,408,424,424
152,110,7,0.0004201784836356483,0.0003049155114851857,0.0004302563911091484,510,544,544
153,110,8,0.00023834510767085893,0.001060869614883654,0.0011879791656443993,624,680,680
154,110,9,0.0024943913933756006,0.003459270438053068,0.0027965854769313038,706,780,780
155,110,10,0.003371052474078869,0.00227397761380338,0.0009482682916221635,792,888,888
156,110,11,0.0024191575433933393,0.004907943035546781,0.004911679432793772,882,1004,1004
157,110,12,0.005008590872264113,0.009839890505272012,0.01771444977067286,976,1128,1128
158,110,13,0.006944077479463448,0.018173387286913333,0.0163178062724753,1074,1260,1260
159,110,14,0.009893528964139727,0.02944132407656466,0.028524120994390324,1176,1400,1400
160,110,15,0.01841661820123369,0.03967582020514041,0.037171351440305714,1282,1548,1548
161,110,16,0.01961490651666257,0.07331002726367536,0.0558086985016583,1392,1704,1704
162,110,17,0.03716944201298714,0.10366050061305698,0.09811888085452922,1456,1768,1768
163,110,18,0.05444967884236343,0.13059788117384147,0.116468507325105,1520,1832,1832
164,110,19,0.06691291717164688,0.1794762125161517,0.1612304259555755,1584,1896,1896
165,110,5,0.0008147258176389982,0.0003175740525448147,0.001182262022060886,300,320,320
166,110,6,0.0008523517995761519,0.0009206237783792914,0.002874089606052791,404,424,424
167,110,7,0.0022273414341319533,0.0009083871872272092,0.0016119793024228423,524,544,544
168,110,8,0.0009697452680607619,0.0036436531944702673,0.0019921148878988865,660,680,680
169,110,9,0.001202853838406182,0.003560496131118306,0.004703739844233601,742,780,780
170,110,10,0.0018372557065117231,0.005427856319344534,0.006710757763943093,828,888,888
171,110,11,0.007100371831710659,0.009534460385665426,0.010459401868621751,918,1004,1004
172,110,12,0.011888165945565706,0.02222415612869788,0.015300093119119467,1012,1128,1128
173,110,13,0.015657856610517887,0.02108387857390356,0.02231790406039672,1110,1260,1260
174,110,14,0.024781667096228522,0.04394966061839249,0.04557295727809236,1212,1400,1400
175,110,15,0.03129577806544978,0.05065989604300564,0.07441476529843809,1318,1548,1548
176,110,16,0.050571394802597563,0.09079553941635676,0.10424822761896686,1428,1704,1704
177,110,17,0.06103422566267336,0.11694127532129049,0.13548693325670272,1492,1768,1768
178,110,18,0.0807167576716245,0.1346368032917978,0.16740638599417842,1556,1832,1832
179,110,19,0.10597536317751384,0.18398605321161296,0.22223476650547935,1620,1896,1896
180,110,5,0.0014152605400876278,0.0004749456128601999,0.0003398886761361926,532,320,320
181,110,6,0.0009467850667520689,0.0004897381654314516,0.0005174727088319457,724,424,424
182,110,7,0.0026555635938802164,0.0009946245686511335,0.0001582955255056085,948,544,544
183,110,8,0.008530451454654609,0.000974700799284866,0.0011466291440766954,1204,680,680
184,110,9,0.01780570683193244,0.003852713348581171,0.0021001907708807807,1204,780,780
185,110,10,0.028748917927654914,0.003499142865737072,0.0026078638693326065,1204,888,888
186,110,11,0.059188171242770635,0.00527550994737214,0.0027770102458769146,1204,1004,1004
187,110,12,0.10834417260214822,0.005354955973411876,0.0052751179078082714,1204,1128,1128
188,110,13,0.18929439446564464,0.01534065284407339,0.01219462206756951,1204,1260,1260
189,110,14,0.322254226618695,0.02538709448583913,0.021428018594207125,1204,1400,1400
190,110,15,0.593706729089498,0.057350294043772405,0.041572459266246496,1204,1548,1548
191,110,16,0.9999999999999247,0.09988476219948278,0.08106206001318284,1204,1704,1704
192,110,17,0.9999999999999247,0.13088787465124455,0.12216152482653274,1204,1768,1768
193,110,18,0.9999999999999247,0.16294497599201005,0.169853424357494,1204,1832,1832
194,110,19,0.9999999999999247,0.20346634049281115,0.19748101554473307,1204,1896,1896
195,110,5,6.990961958226967e-05,0.0024448629242891737,0.0020498249520241032,316,320,320
196,110,6,0.0006670118909490881,0.0018562463125233737,0.0009185959566915066,420,424,424
197,110,7,0.0026103265264279937,0.004672102119386344,0.0009941647993852905,540,544,544
198,110,8,0.00540007026815107,0.004630172539306116,0.0025781940104559814,676,680,680
199,110,9,0.00843736078407892,0.004167406230957268,0.004197437769807664,740,780,780
200,110,10,0.0061960478490790324,0.008190018316815336,0.008917989623672788,804,888,888
201,110,11,0.010927139557362138,0.009571845957596735,0.022517681934438337,868,1004,1004
202,110,12,0.016604582593453952,0.011273227971626368,0.023079112561174023,932,1128,1128
203,110,13,0.021190678936765222,0.022004420887851376,0.02856053381919498,996,1260,1260
204,110,14,0.027956551544995527,0.03957800561470557,0.04538514916018308,1060,1400,1400
205,110,15,0.03772048784438085,0.04850156518493067,0.08296657386030826,1124,1548,1548
206,110,16,0.0531272166534711,0.0880119514960137,0.13435217918994857,1188,1704,1704
207,110,17,0.06209737864713162,0.11387092723591546,0.17722911819166226,1252,1768,1768
208,110,18,0.09746866545841618,0.16028920228941929,0.23884147422321547,1316,1832,1832
209,110,19,0.12521952764345662,0.19671900218021482,0.27765645659154686,1380,1896,1896
210,110,5,0.0008192585756196879,0.0031794092102152816,0.0011664535085542907,390,320,320
211,110,6,0.001978116993828793,0.003022920918636986,0.004835132597338777,516,424,424
212,110,7,0.010482439325445288,0.005410265719574965,0.005362069370632848,662,544,544
213,110,8,0.032793914687290836,0.005873951282624543,0.008069551758268068,828,680,680
214,110,9,0.0423426233483465,0.017589295936596975,0.013959005841306051,908,780,780
215,110,10,0.05435868681629779,0.016584121999605853,0.019756368045744186,988,888,888
216,110,11,0.08631937310322071,0.0367663104171575,0.05033693280042112,1068,1004,1004
217,110,12,0.07938061331642252,0.03781985854131244,0.06035931633296406,1148,1128,1128
218,110,13,0.18512530586093282,0.06567336685666367,0.09104402775808712,1228,1260,1260
219,110,14,0.2589026785315487,0.11173998951511321,0.11911268122247529,1308,1400,1400
220,110,15,0.3351082735108364,0.13185148563961677,0.17567997045652517,1388,1548,1548
221,110,16,0.5926822808026708,0.2149996475840946,0.27771019959301463,1468,1704,1704
222,110,17,0.638510376248627,0.26321099003670995,0.3258540848358234,1468,1768,1768
223,110,18,0.6801632433080498,0.3174448178411647,0.3871633599802597,1468,1832,1832
224,110,19,0.7150998670605264,0.36506768532295164,0.44599104504147413,1468,1896,1896
225,140,5,0.000236243978759059,6.535212312315691e-05,0.00031293983181133214,372,320,320
226,140,6,0.000388039810515106,0.00016468784204167714,0.00035951890346092713,484,424,424
227,140,7,0.00041621880206584033,0.000419471004379106,0.0002777616018398537,612,544,544
228,140,8,0.0001786012566565845,0.0003386474690438828,0.0006045789882333578,756,680,680
229,140,9,0.0017483363905596648,0.0003163606230454483,0.0014460277474304167,836,780,780
230,140,10,0.001216282947581104,0.000627824208589937,4.183893566295719e-05,916,888,888
231,140,11,0.0019476304909354007,0.0004169166887545679,0.001210744060349839,996,1004,1004
232,140,12,0.006109906803131266,0.0010671907349790416,0.004164976045655975,1076,1128,1128
233,140,13,0.007447457160980449,0.003538395504423507,0.004933657438850556,1156,1260,1260
234,140,14,0.011818831787492119,0.005136583628186189,0.011731247442506709,1236,1400,1400
235,140,15,0.02554606895001691,0.009721173821406118,0.015681280557567002,1316,1548,1548
236,140,16,0.07691756230489762,0.020095827793286624,0.027428396071907245,1396,1704,1704
237,140,17,0.09023482468171262,0.03495719106690972,0.04263028288674904,1396,1768,1768
238,140,18,0.12943577851798196,0.0406844928821948,0.06585489844010298,1396,1832,1832
239,140,19,0.16614492214864987,0.06745584729121487,0.08462958679645984,1396,1896,1896
240,140,5,0.0003173739431571996,0.0005670613841042063,0.0002216818920717284,532,320,320
241,140,6,0.0004471754733239833,0.00011070114722354711,0.00019599722291977414,724,424,424
242,140,7,0.001899105924942705,0.0005552946844868329,0.0008785711378944095,948,544,544
243,140,8,0.008687145305830108,0.0007690249410421334,0.0020747806569458224,1204,680,680
244,140,9,0.015477418578826879,0.0011353667459809457,0.002365225843920524,1204,780,780
245,140,10,0.03298255429521721,0.0004538467389779183,0.0026157812246764157,1204,888,888
246,140,11,0.06268816946885794,0.0024004643757982035,0.0056931759958050296,1204,1004,1004
247,140,12,0.09884418025645234,0.002727955824868953,0.009257508692913256,1204,1128,1128
248,140,13,0.17456193015909746,0.00585524933527612,0.011280250323360969,1204,1260,1260
249,140,14,0.31354375103561405,0.011130651090735416,0.018628367110204023,1204,1400,1400
250,140,15,0.5488332811153979,0.012040932397503276,0.040759304879029706,1204,1548,1548
251,140,16,0.9999999999999047,0.03092821501433409,0.06431559808246946,1204,1704,1704
252,140,17,0.9999999999999047,0.05037505000121505,0.09912551003010991,1204,1768,1768
253,140,18,0.9999999999999047,0.06760223405011435,0.10994635957549245,1204,1832,1832
254,140,19,0.9999999999999047,0.09208044863032615,0.12874903403655644,1204,1896,1896
255,140,5,0.00013682463260551419,0.0003276973470684627,0.00012840216897482218,532,320,320
256,140,6,0.00018413359743395702,9.294997466929403e-05,3.310446663033383e-05,724,424,424
257,140,7,0.00026259124616819695,0.0002095074206221064,0.00020314174142860728,948,544,544
258,140,8,0.0009680748593382895,0.00041520397063474896,0.0004148805240672185,1204,680,680
259,140,9,0.0023452615406587673,0.00020986447180360813,0.00033917198161031515,1204,780,780
260,140,10,0.001357614229116202,0.0010801092717947277,0.0024381071311758654,1204,888,888
261,140,11,0.012980439445243384,0.001237332825686538,0.0037285131280931937,1204,1004,1004
262,140,12,0.032023355837870575,0.0005705749297269615,0.001977938623090083,1204,1128,1128
263,140,13,0.07791224563174813,0.005043486528215318,0.004508199267250059,1204,1260,1260
264,140,14,0.14365291364021407,0.006506400021736421,0.009664063301703352,1204,1400,1400
265,140,15,0.3947065639873296,0.006095689939135848,0.025428006664913048,1204,1548,1548
266,140,16,0.9999999999998757,0.010955240910437264,0.03714738343305304,1204,1704,1704
267,140,17,0.9999999999998757,0.013968137148675935,0.03652358789424148,1204,1768,1768
268,140,18,0.9999999999998757,0.03231605910693894,0.05250978314457474,1204,1832,1832
269,140,19,0.9999999999998757,0.038504256649202206,0.08998525795058987,1204,1896,1896
270,140,5,0.00024128447881965385,0.0011307504869494038,0.0026826334749429676,328,302,320
271,140,6,0.0017939667379455613,0.0014589208335971042,0.0008194387522583258,432,424,424
272,140,7,0.0004984785156064769,0.0035108394739416446,0.00029290111065661726,552,544,544
273,140,8,0.0006403726924307906,0.0007417406826118074,0.0008403192682671169,688,680,680
274,140,9,0.002574211193842169,0.0024680073394090164,0.002505210633806178,752,780,780
275,140,10,0.003407686636380812,0.0028927366752035904,0.006247766241895399,816,888,888
276,140,11,0.003479141504017095,0.0033588423388523814,0.005573704647532695,880,1004,1004
277,140,12,0.004230056322012501,0.009890586897092102,0.001744857835029423,944,1128,1128
278,140,13,0.005344641752529653,0.00998076402729185,0.010865400521453898,1008,1260,1260
279,140,14,0.01137480408354796,0.012379480015255009,0.01925200627319407,1072,1400,1400
280,140,15,0.01556286073199641,0.03096110889470764,0.03300500876149172,1136,1548,1548
281,140,16,0.03660093411545086,0.048881041981593765,0.040114149600694746,1200,1704,1704
282,140,17,0.04627719425447226,0.07045697994073762,0.05483730272986931,1264,1768,1768
283,140,18,0.055713241278477287,0.10286934142740783,0.08268853881313691,1328,1832,1832
284,140,19,0.06267574985751272,0.1254876356059138,0.11245299595741914,1392,1896,1896
285,140,5,0.00012065388048912506,0.00012438850669847467,0.0001576926487789071,348,320,320
286,140,6,0.00023552562559107278,0.000365544874076224,0.0002720696961530488,460,424,424
287,140,7,0.0005036558262282862,0.0005870456330067436,0.00033352584751459967,588,544,544
288,140,8,0.004453321564118123,0.000766242515694288,0.0005984626435961716,732,680,680
289,140,9,0.002285984005129144,0.0004834778504650773,0.0011839741435465975,812,780,780
290,140,10,0.004000780820919245,0.0014541970959664056,0.00248648975471982,892,888,888
291,140,11,0.010278429013660769,0.0017941483861168876,0.0032179341755681147,972,1004,1004
292,140,12,0.021252683894150467,0.0045437026519420855,0.004106040229467896,1052,1128,1128
293,140,13,0.022470077491287595,0.0020630687742796364,0.010206783027362075,1132,1260,1260
294,140,14,0.04903388928565006,0.005972562280724075,0.015198342552397246,1212,1400,1400
295,140,15,0.11716634249471114,0.017667437111622792,0.02122317427230619,1292,1548,1548
296,140,16,0.2652663668265354,0.024304660270468775,0.04510142917470445,1372,1704,1704
297,140,17,0.29806409572612647,0.03852431675607014,0.051293604996222895,1372,1768,1768
298,140,18,0.3487253595006354,0.06468719998382882,0.09208946799373212,1372,1832,1832
299,140,19,0.3956203344838025,0.09041167263749676,0.10763015725084574,1372,1896,1896
300,170,5,6.246826468928684e-05,6.533510479849235e-05,6.815669134041092e-05,354,320,320
301,170,6,0.00017191253668842583,0.00017849920973264053,0.00016128702112254786,424,424,424
302,170,7,0.0001568719179710739,9.42421698336591e-05,2.9547622009093063e-05,498,544,544
303,170,8,0.00036085519354234484,0.00025662339116934793,0.00014167288142751525,576,680,680
304,170,9,0.0002443641967573742,0.00023882846773502875,0.0007182655617811374,658,780,780
305,170,10,0.00018025755538657835,0.000321322450155209,0.0013805029355541303,744,888,888
306,170,11,0.0011709554252219642,0.0006794629059837795,0.00012682647206604708,834,1004,1004
307,170,12,0.001874450230345786,0.0014302579073074547,0.003564477659924813,928,1128,1128
308,170,13,0.002231036096785964,0.0031889884250689148,0.0020870413722753915,1026,1260,1260
309,170,14,0.002184533283946565,0.0039271717554832395,0.004929950112545795,1128,1400,1400
310,170,15,0.004510208679539112,0.009154356115152435,0.0096292870142586,1234,1548,1548
311,170,16,0.003733312492269543,0.01589302018446171,0.014757418974492929,1344,1704,1704
312,170,17,0.007033973691582637,0.019726599559002207,0.029839258478446925,1408,1768,1768
313,170,18,0.011818091400636582,0.03538628280910806,0.03928664710011131,1472,1832,1832
314,170,19,0.017696532236395283,0.04472613878614318,0.05528482045802941,1536,1896,1896
315,170,5,5.986600082495201e-06,1.9023334659290023e-05,8.06880378076858e-05,300,320,320
316,170,6,2.3215598877012814e-05,6.372893784677846e-05,2.926548636080881e-05,404,424,424
317,170,7,3.910253128818185e-05,5.999560398169913e-05,6.681865614324584e-05,524,544,544
318,170,8,8.841808903560867e-05,0.00012121773824817567,0.00021817239183742095,660,680,680
319,170,9,8.43824532793466e-05,0.00018521866881738568,0.00012638586958731716,786,780,780
320,170,10,0.00015055346573411498,0.000259584721213968,0.0007641503377855985,924,888,888
321,170,11,0.00016822017104929055,0.0004228466372450425,0.0008188440043994691,1074,1004,1004
322,170,12,0.0006449442898057825,0.00045225699335243866,0.0004181582836797768,1236,1128,1128
323,170,13,0.0013823503312560452,0.0015959562386749743,0.003637265535019025,1410,1260,1260
324,170,14,0.0006935432232098007,0.002004709372017878,0.0005727279444837919,1596,1400,1400
325,170,15,0.0021731425789287264,0.004368597344234588,0.005754242767450636,1794,1548,1548
326,170,16,0.006286880052643569,0.0056713800477717,0.0074030295344009855,2004,1704,1704
327,170,17,0.01652731812394166,0.013995950296253772,0.011499396614592192,2100,1768,1768
328,170,18,0.015515509135351975,0.017574350801611547,0.01862869930967694,2196,1832,1832
329,170,19,0.02482737310445673,0.0373104567412175,0.03987482447139024,2292,1896,1896
330,170,5,3.1193485811528495e-05,7.27301233913467e-06,9.177031811870679e-06,398,320,320
331,170,6,7.955276740323888e-05,0.00010463122761496719,7.168844114856722e-05,528,424,424
332,170,7,1.982604503883112e-05,7.394019455503662e-05,2.0371515661851945e-05,678,544,544
333,170,8,2.510141185532957e-05,0.0001048161335339912,9.376661467595516e-05,848,680,680
334,170,9,9.257458172961958e-05,8.180284333127818e-05,0.00013575201514729149,962,780,780
335,170,10,7.039559276988664e-05,0.0002723179804955087,0.00012824082581326101,1080,888,888
336,170,11,0.00017187622291355204,0.0006223022959469051,0.0021100755478458363,1202,1004,1004
337,170,12,0.0002902688737998711,0.0030145416692915986,0.0007959354922436133,1328,1128,1128
338,170,13,0.0006175408005283003,0.0023618217443603386,0.001967375614288305,1458,1260,1260
339,170,14,8.812608614812298e-05,0.003162006544658089,0.00298188200934931,1592,1400,1400
340,170,15,0.0006149281648819982,0.006875160214201317,0.005447485930764627,1730,1548,1548
341,170,16,0.0009791101623229793,0.010499477373774544,0.008484118861031578,1872,1704,1704
342,170,17,0.0015388134085364301,0.0137291751914782,0.017681910286229865,1968,1768,1768
343,170,18,0.001681099536282874,0.026603444776400965,0.02258535552920582,2064,1832,1832
344,170,19,0.0035017914571943173,0.048072501865097234,0.02763819401662635,2160,1896,1896
345,170,5,0.00020093963716339002,0.0001739723264335842,0.0002597892920343849,372,320,320
346,170,6,4.716691996058641e-05,8.620871455705426e-05,0.0003036075289612034,484,424,424
347,170,7,0.00032446096616498075,0.0003800178804948042,0.00026884988851721655,612,544,544
348,170,8,7.559579043882383e-05,0.00012560016670071786,0.00043836645131722603,756,680,680
349,170,9,0.0006201863043996989,0.00019698165473462244,0.0011251051648209932,836,780,780
350,170,10,0.0008265017831285433,0.0003913657664250414,0.0008720041542650198,916,888,888
351,170,11,0.0009855118015193467,0.0005401363831136573,0.0004636830982644702,996,1004,1004
352,170,12,0.0010370972043920491,0.0019243068080740308,0.004687671210745239,1076,1128,1128
353,170,13,0.002241249420384117,0.0008817326032723191,0.0013270574825541548,1156,1260,1260
354,170,14,0.004753475066373379,0.0024601580846702743,0.009572016376702581,1236,1400,1400
355,170,15,0.007388686997963897,0.0036593704058125727,0.020506639100826493,1316,1548,1548
356,170,16,0.021579583980458995,0.004363522176354196,0.027661417935915436,1396,1704,1704
357,170,17,0.033997333147421385,0.01260217684985335,0.03732424707791888,1396,1768,1768
358,170,18,0.053285564606326205,0.01534992078749851,0.06556320497290777,1396,1832,1832
359,170,19,0.0732122412317718,0.03117552105998148,0.07645023866582787,1396,1896,1896
360,170,5,9.747581551323256e-05,0.00010726660081758801,0.00032972407831822467,384,320,320
361,170,6,6.073293680347806e-05,0.00013277557781678722,0.00024249537963292068,496,424,424
362,170,7,9.51665836093693e-05,0.00015441325602708446,0.00022098674949894246,624,544,544
363,170,8,0.00017899591937113948,0.0003436175337870896,0.00013159461541946275,768,680,680
364,170,9,0.0007247383771012619,0.0008547388935718297,0.001361554450429534,848,780,780
365,170,10,0.0012973469561180203,0.00030876307705186997,0.000360232431364372,928,888,888
366,170,11,0.0018558612770837612,0.0012828973878373333,0.0017200779794820423,1008,1004,1004
367,170,12,0.0015554320399735434,0.0019758844515779138,0.0018702854929990066,1088,1128,1128
368,170,13,0.004079676717853262,0.0015905914211762125,0.001831812017199298,1168,1260,1260
369,170,14,0.009066612966550985,0.0059215140422401195,0.007221314704241634,1248,1400,1400
370,170,15,0.01991257142912736,0.007527813344920443,0.01714450892876109,1328,1548,1548
371,170,16,0.04012304061930293,0.010864223138272448,0.03761383951172479,1408,1704,1704
372,170,17,0.06527600290250987,0.025402614867794594,0.052017755457336785,1408,1768,1768
373,170,18,0.07691635737468094,0.028811064728176915,0.0810592918697994,1408,1832,1832
374,170,19,0.11525606486940983,0.05923484101159543,0.10992192262055822,1408,1896,1896
375,200,5,1.8234604831898782e-06,1.8074526728053004e-06,2.30729673273953e-05,348,320,320
376,200,6,2.983924871182568e-05,4.165434484348613e-06,9.905509129165706e-05,432,424,424
377,200,7,2.5537667217027664e-05,9.625726625727261e-05,3.089652609575087e-05,524,544,544
378,200,8,0.0003059392426570431,0.00027712154533673374,0.0001369425585507881,624,680,680
379,200,9,0.00011279667582983174,0.0003614156237217995,5.5252427789940243e-05,706,780,780
380,200,10,0.0001370295824282815,0.00022496948841384178,0.001289140523934454,792,888,888
381,200,11,0.00017911490893527998,0.0007022524606400387,0.0008499418755214712,882,1004,1004
382,200,12,0.00034147944896528216,0.0010882525165716102,0.0004984557858292643,976,1128,1128
383,200,13,0.0001941249722871946,0.0006203964531322988,0.0007447877311013388,1074,1260,1260
384,200,14,0.00031819292762327845,0.001777632047477017,0.0007864556572827862,1176,1400,1400
385,200,15,0.0003160150141246197,0.0025854518334541346,0.0040749172578250946,1282,1548,1548
386,200,16,0.00047745676136154756,0.0034785838566213285,0.009136933038128478,1392,1704,1704
387,200,17,0.0006117839712121664,0.01063085281434027,0.010073337638327233,1456,1768,1768
388,200,18,0.0027375235512968783,0.0130171215113811,0.017892601174007632,1520,1832,1832
389,200,19,0.0031474125588393806,0.025903164975746237,0.02582946801061322,1584,1896,1896
390,200,5,1.4025125336806938e-05,9.806936112580692e-06,7.345508595478053e-06,306,320,320
391,200,6,4.7746514531481407e-05,1.061473637317057e-05,0.0007320063604659115,396,424,312
392,200,7,2.6835012546677086e-05,0.00015738824610384675,0.0005376373644169163,498,448,374
393,200,8,3.8687135916928764e-05,0.00025523404459837715,0.0006920440273032089,612,680,456
394,200,9,2.1850812978002788e-05,0.0012610433474833024,0.00175720918937744,694,692,780
395,200,10,5.241263037779654e-05,0.0016786551481635318,0.002461273239045768,780,720,826
396,200,11,9.91745063127198e-05,0.0018834169181620247,0.0008399352831587344,870,1004,1004
397,200,12,8.921809904787193e-05,0.0009592562242081974,0.002175951092025285,964,1128,1128
398,200,13,0.00018680894496741473,0.0038297669899820955,0.0008715040281859667,1062,1260,1260
399,200,14,0.0003196531996127864,0.0030975326260916916,0.0032035529264873865,1164,1400,1400
400,200,15,0.00038378701286334295,0.00455362056819421,0.0006733746735724949,1270,1548,1548
401,200,16,0.000899325390007633,0.0027643363308838104,0.0035843442170277167,1380,1704,1704
402,200,17,0.0022455691470567893,0.003812272771214309,0.00892883985207083,1444,1768,1768
403,200,18,0.002416300875244935,0.004479772205952456,0.013083209418018764,1508,1832,1832
404,200,19,0.0018867128645518258,0.009510712748794383,0.019767363170733656,1572,1896,1896
405,200,5,1.6533612678298608e-06,7.819442157732227e-06,1.2119816950707069e-05,352,320,320
406,200,6,4.791793993777804e-06,1.622659316414915e-05,9.179933646414553e-06,436,424,424
407,200,7,8.428187878520214e-06,3.7910901272640395e-06,1.6914393786463762e-05,528,544,544
408,200,8,3.739508279370183e-05,1.5694321991192236e-05,8.866131061898862e-06,628,680,680
409,200,9,8.624937969268145e-06,2.2011701769446997e-05,0.00010703460056953865,692,780,780
410,200,10,1.3308396123355133e-05,0.0003738126180870231,0.00017022446740216993,756,888,888
411,200,11,2.493977936961019e-05,8.579346399108938e-06,0.000381624002485608,820,1004,1004
412,200,12,0.00016234993209864425,8.883453341148098e-05,0.00022315399335740783,884,1128,1128
413,200,13,0.00025399111843864107,0.00022494417392053006,0.00010803746081890919,948,1260,1260
414,200,14,0.0001668855276735584,0.0002463737449032903,0.000519933446557495,1012,1400,1400
415,200,15,0.0004096110980953423,0.001806933068558472,0.0007597312736564386,1076,1548,1548
416,200,16,0.0006744963205299815,0.0006523516970471537,0.0032864412915644624,1140,1704,1704
417,200,17,0.0005846882391823803,0.0025339260412216877,0.0035810975278215565,1204,1768,1768
418,200,18,0.0007788011454793307,0.002677863115468586,0.00795635098730113,1268,1832,1832
419,200,19,0.0027749415664080185,0.003025031134447161,0.011473137500504218,1332,1896,1896
420,200,5,1.037348794082173e-05,1.4276742191622471e-05,1.1259086518501548e-05,312,320,320
421,200,6,4.801541492610846e-05,4.6328279606200803e-05,6.281939324498543e-05,416,424,424
422,200,7,1.0688551792439762e-05,8.893007097042657e-05,4.511107476942787e-05,536,544,544
423,200,8,6.89469181344656e-05,3.589602220951186e-05,0.0003840668772373392,672,680,680
424,200,9,0.0001942243708182365,6.620218678911751e-05,0.00016074241036825217,754,780,780
425,200,10,0.00023988056624354076,6.666984276956629e-05,0.0002672956951841533,840,888,888
426,200,11,0.0003805743962727849,6.570658671177629e-05,0.00010185594018458743,930,1004,1004
427,200,12,0.00012874555631863413,0.0002943104607881176,1.868120055637262e-05,1024,1128,1128
428,200,13,0.0003448132562645246,0.0013105147129407909,0.0006600353615345359,1122,1260,1260
429,200,14,0.0008541636394243455,0.0026250684801414816,0.0027517093698945726,1224,1400,1400
430,200,15,0.0009260182032292885,0.00407358555229853,0.004420317278193151,1330,1548,1548
431,200,16,0.004501273336640513,0.005118989313975423,0.00862740458618928,1440,1704,1704
432,200,17,0.007260186711369483,0.01143168305225944,0.013228561003483488,1504,1768,1768
433,200,18,0.007384677286597373,0.016240707686663206,0.01291902984166232,1568,1832,1832
434,200,19,0.011649086351434693,0.01801953855290219,0.02402919671031141,1632,1896,1896
435,200,5,4.522545449162125e-05,5.1644867445449376e-05,7.63850575011624e-06,474,320,320
436,200,6,2.3755132454476358e-05,8.617080738165257e-06,5.0696586945061805e-05,568,424,424
437,200,7,3.96760995085158e-05,8.514003874850226e-06,8.165268697327454e-05,666,544,544
438,200,8,4.7501842266384145e-05,0.00017381322366303374,0.00016151247543916175,768,680,680
439,200,9,9.669610623623226e-05,3.982956697112577e-05,9.328249744891438e-05,848,780,780
440,200,10,8.677525294128186e-05,2.845452448381869e-05,0.00020115619627345224,928,888,888
441,200,11,0.0002661009130810019,0.00021609211261732064,0.00010040672981491427,1008,1004,1004
442,200,12,0.00037232572108591104,6.586890662389639e-05,0.0006039900493259709,1088,1128,1128
443,200,13,0.0011627971599158175,0.00015325855916702348,0.0012717636432382727,1168,1260,1260
444,200,14,0.0011332462420896628,0.0005432332101265071,0.000895224744233145,1248,1400,1400
445,200,15,0.003051870215780649,0.0010779375622016647,0.0017361776075912065,1328,1548,1548
446,200,16,0.014623675087962402,0.0017913033052626944,0.0034039335576834607,1408,1704,1704
447,200,17,0.022687195814059025,0.0024192573633680338,0.0041842053807231334,1408,1768,1768
448,200,18,0.028206615828759617,0.006583490003181648,0.014699058105813487,1408,1832,1832
449,200,19,0.0442050248846846,0.01013698975431134,0.02096795714857333,1408,1896,1896
450,230,5,1.952362302155092e-05,9.530880463137223e-06,4.071510475535589e-06,360,320,320
451,230,6,5.788292453245857e-06,9.050300265128247e-06,2.7853979618228976e-05,472,424,424
452,230,7,2.252566857661493e-05,2.5014287147888393e-06,1.858385381217705e-05,600,544,544
453,230,8,2.2780661998827835e-05,9.647925649175863e-05,4.79277260502589e-05,744,680,680
454,230,9,8.578825799512212e-05,2.16884291986162e-05,1.6972958873979806e-05,824,780,780
455,230,10,8.391789231394397e-05,7.074819402235425e-05,6.635229770130739e-05,904,888,888
456,230,11,0.00042846463162408337,7.117559653716805e-05,9.720830651454166e-05,984,1004,1004
457,230,12,0.0002602709840220516,0.0007278337304820764,0.00027545704532257794,1064,1128,1128
458,230,13,0.0009409182836487447,8.923338802698094e-05,0.0005613072199228215,1144,1260,1260
459,230,14,0.001552693772039314,0.0008947520439852371,0.002029498767783875,1224,1400,1400
460,230,15,0.00231239437128491,0.0010035958051129775,0.0017962048710892019,1304,1548,1548
461,230,16,0.004541685943262893,0.002157801542515628,0.0022651279176840373,1384,1704,1704
462,230,17,0.006798051306848342,0.002592886880295828,0.006009581026807185,1384,1768,1768
463,230,18,0.016122436702012976,0.004005262992447781,0.009226471568159662,1384,1832,1832
464,230,19,0.032052943826305726,0.009728045414812831,0.007807136521466065,1384,1896,1896
465,230,5,3.04048850911157e-06,2.8939902924595748e-06,1.5548448981366062e-06,306,320,320
466,230,6,4.087949256841384e-06,8.836255312226662e-06,7.434943638974418e-06,396,424,424
467,230,7,1.4797624858888974e-05,3.379708525309537e-06,3.212098188363375e-06,498,544,544
468,230,8,1.530940244845306e-05,8.888713323867219e-06,1.7163595723350994e-05,612,680,680
469,230,9,3.946927863802926e-06,4.387455772987063e-05,3.395543541557548e-05,712,780,780
470,230,10,6.86198793950627e-05,2.526332986001818e-05,0.00013308939419352353,820,888,888
471,230,11,4.4979469192549515e-05,5.5784220956719054e-05,0.00035801567658059943,936,1004,1004
472,230,12,9.518317258205684e-05,0.00013067112297756588,0.0002003112475366584,1060,1128,1128
473,230,13,0.0001686852026868789,7.83438977668728e-05,0.00038508983801994806,1192,1260,1260
474,230,14,0.00014397353711841633,0.00043184265736933333,0.0013163964603840675,1332,1400,1400
475,230,15,0.0003420251989702044,0.0006765853643665819,0.001203256431121579,1480,1548,1548
476,230,16,0.0006206466635010073,0.0012378214773568622,0.0012896116597101263,1636,1704,1704
477,230,17,0.00032339593169359405,0.002989270937008993,0.0027061536086128305,1716,1768,1768
478,230,18,0.0027724702665813373,0.003950939520886893,0.009121689452947503,1796,1832,1832
479,230,19,0.0027522799631148013,0.011186091870014622,0.00965063522761982,1876,1896,1896
480,230,5,5.430543246511291e-05,1.9093401600459683e-05,2.5729242243516588e-05,736,320,320
481,230,6,6.869427627538795e-05,1.1284788834193976e-05,2.1963662261334554e-05,872,424,424
482,230,7,0.00034811153062752533,9.021788850761631e-06,2.8845240351564957e-05,1008,544,544
483,230,8,0.006283266555085008,3.2339193387139097e-05,5.129414042015089e-05,1144,680,680
484,230,9,0.018883286492611184,0.0001301895358416734,8.23460922217235e-06,1144,780,780
485,230,10,0.026401978100738237,0.00033892107134225947,0.00010060247016414827,1144,888,888
486,230,11,0.0629395544638172,0.00017964932571084164,0.0004465890952304313,1144,1004,1004
487,230,12,0.1262237605939911,0.00019734501072614217,0.0007857215739579469,1144,1128,1128
488,230,13,0.2231804455589339,0.0002712433009549364,0.000882190626762399,1144,1260,1260
489,230,14,0.35198381793874,0.000431084024771237,0.0006450262582290415,1144,1400,1400
490,230,15,0.5912770427799701,0.000678538091846326,0.002061903566758784,1144,1548,1548
491,230,16,0.9999999999998075,0.0033715287235545786,0.0031362397919018925,1144,1704,1704
492,230,17,0.9999999999998075,0.003516767565410045,0.006349107570904511,1144,1768,1768
493,230,18,0.9999999999998075,0.006483531328764359,0.017055946470287534,1144,1832,1832
494,230,19,0.9999999999998075,0.009114722704014826,0.023292804132192695,1144,1896,1896
495,230,5,3.437045368254638e-06,6.61126066722994e-06,2.6768411320912403e-06,462,320,320
496,230,6,5.539801850233115e-07,1.3780632998999015e-06,4.621710550004715e-06,556,424,424
497,230,7,6.51826810634143e-06,8.608786962521874e-07,8.342099838488399e-06,654,544,544
498,230,8,4.069497661328868e-06,3.424355976202867e-06,6.576514371708795e-06,756,680,680
499,230,9,2.1633036157654522e-05,2.0131699313173718e-05,2.846087877873821e-05,836,780,780
500,230,10,5.3651523533611505e-06,1.8018897597461256e-06,5.944165510234507e-05,916,888,888
501,230,11,0.00010342945318290676,2.3181997381247508e-05,0.00023915787949394297,996,1004,1004
502,230,12,0.00017553362244696259,0.00020390624199755013,0.00014504665561773208,1076,1128,1128
503,230,13,0.000318939020110371,7.386680231085798e-05,0.00039861592985398174,1156,1260,1260
504,230,14,0.00047386802416582343,0.0004013883831081324,0.0010131457195186077,1236,1400,1400
505,230,15,0.000803518246259389,0.00055626157897523,0.0011296838264740867,1316,1548,1548
506,230,16,0.004973161238673271,0.00017923821904153772,0.0024452893055968753,1396,1704,1704
507,230,17,0.011101574060589531,0.0010634779869342615,0.004484645349940328,1396,1768,1768
508,230,18,0.013937347561081677,0.0021952579648402597,0.005224816192794769,1396,1832,1832
509,230,19,0.024107490587026943,0.004692799270586454,0.007385677005876038,1396,1896,1896
510,230,5,5.184835992668292e-06,1.0108024212199124e-05,1.1166069402049686e-05,378,320,320
511,230,6,9.975595229627025e-06,1.080057186184146e-05,6.937109314075147e-05,504,424,424
512,230,7,1.9999060359627005e-05,3.558046019058827e-05,2.649437712158811e-05,650,544,544
513,230,8,7.957352610171882e-05,0.0001548603820956134,6.986926063755793e-05,816,680,680
514,230,9,5.5370241653206716e-05,4.155963101948307e-05,4.636420100631472e-05,896,780,780
515,230,10,0.00018506651238675684,0.0001867291315450779,6.545641843940997e-05,976,888,888
516,230,11,0.0002628174741124215,8.103809868333106e-05,3.0522942097246206e-05,1056,1004,1004
517,230,12,0.0002932603720749137,0.0010061931975933849,0.00014011945740897663,1136,1128,1128
518,230,13,0.0004606063431986885,0.0011261441074081524,0.0008517111910936784,1216,1260,1260
519,230,14,0.0020295740393810897,0.0017840224546332062,0.0015962669226912637,1296,1400,1400
520,230,15,0.004403205080737526,0.004453560107446187,0.0019188840291660678,1376,1548,1548
521,230,16,0.016393448147599878,0.0035822462568537946,0.003080532257567875,1456,1704,1704
522,230,17,0.025515091066329983,0.006155196960456837,0.005863600774393285,1456,1768,1768
523,230,18,0.04582299473426792,0.00852124999092273,0.0060691777450766265,1456,1832,1832
524,230,19,0.06070255967124598,0.012432684826649264,0.012615975150704051,1456,1896,1896
525,260,5,4.6180766518037395e-07,3.7211807674561005e-07,6.298793584922233e-07,462,320,320
526,260,6,1.5626941351614105e-06,0.00021243856498384802,1.656684713253815e-06,556,294,424
527,260,7,9.08418827086655e-06,6.131117378378796e-06,2.406782948659886e-07,654,288,544
528,260,8,3.62347279968732e-06,7.964020004285807e-06,3.6081722231527976e-05,756,680,656
529,260,9,1.1047775495076908e-05,1.83112959871382e-05,1.5900126470532188e-05,836,780,780
530,260,10,1.6375018859360124e-05,1.0515181527221243e-05,0.00036652816043723953,916,888,888
531,260,11,1.871325084434371e-05,0.00043551550334515715,0.00019474583023229613,996,1004,1004
532,260,12,0.00010462055346086934,0.0003639642423858724,0.00022417529222354973,1076,1128,1128
533,260,13,0.00023342586541290954,0.0005819914377778354,0.00013712751481875627,1156,1260,1260
534,260,14,0.000562838530037751,0.001518665256514322,0.0006638670765711507,1236,1400,1400
535,260,15,0.0003366193480432169,0.0005992300151007703,0.0007085003951873822,1316,1548,1548
536,260,16,0.0028772019639748576,0.0008270791793624009,0.0004457399892090958,1396,1704,1704
537,260,17,0.005784502165222181,0.0011317381794869526,0.0010459008121733529,1396,1768,1768
538,260,18,0.01051406896077735,0.00048816735043854463,0.0028601845734158044,1396,1832,1832
539,260,19,0.02157143964154085,0.0030670937084243287,0.006102621670895775,1396,1896,1896
540,260,5,1.1138224007340252e-06,2.6408794252838516e-07,1.0567265727741894e-06,364,320,320
541,260,6,1.0696921269034717e-06,1.0139794790207556e-06,1.5338880265281613e-06,448,424,424
542,260,7,1.6057362504520523e-06,2.9028772994744745e-06,2.7081479930270185e-06,540,544,544
543,260,8,1.3442595736255097e-06,3.013976166124488e-06,1.0768247668632924e-05,640,680,680
544,260,9,8.943009131990747e-07,1.46906783006722e-06,6.240838039365218e-05,704,780,626
545,260,10,9.364960938301042e-06,3.7203732320785592e-06,0.00019959552068465729,768,888,684
546,260,11,1.928362845257634e-05,7.583506562802091e-06,3.587701296260455e-05,832,1004,1004
547,260,12,1.9120649296773465e-05,5.165028123844685e-05,4.8594944796842117e-05,896,1128,1128
548,260,13,3.608912999024308e-05,2.9629821774908515e-05,0.00022329455876914266,960,1260,1260
549,260,14,3.525732669535297e-05,9.10887433879864e-05,0.0006930932330174068,1024,1400,1400
550,260,15,4.4682554346685034e-05,5.7867774108755945e-05,0.0008615723255207688,1088,1548,1548
551,260,16,0.000207704512525428,0.0007431695336042236,0.000451385302063246,1152,1704,1704
552,260,17,9.187191691621106e-05,0.0015450934446358162,0.001069631779468508,1216,1768,1768
553,260,18,2.016625933319674e-05,0.0025578834884463606,0.0018998027681175202,1280,1832,1832
554,260,19,0.00048773299718550474,0.002648743010694992,0.004106988368686871,1344,1896,1896
555,260,5,1.153866454172633e-07,4.29590597286321e-06,2.397068504520711e-07,432,242,320
556,260,6,2.3485073205342075e-06,1.1868789658487778e-05,8.748557718828312e-06,656,424,404
557,260,7,6.304806179163705e-07,3.7935115069600705e-06,1.9566987426998366e-08,956,544,544
558,260,8,2.0074940940244562e-05,0.00013644539418986948,8.107665281358185e-06,1344,440,680
559,260,9,2.4970127766081118e-05,0.00022945921601238197,0.0005439559758789227,1488,512,640
560,260,10,8.531922016505334e-05,0.00014385692669615808,0.0001521392070755059,1632,888,888
561,260,11,0.00022213227951829828,1.2023857267965157e-05,0.00036126036338618916,1776,1004,1004
562,260,12,0.0003663296386670444,1.2062614893683536e-05,0.00021130508568481714,1920,1128,1128
563,260,13,0.0029994822240232756,0.00026706525492614316,0.00010331307600156765,2064,1260,1260
564,260,14,0.022816267426783762,0.00015159669196933317,0.0003556025868762356,2208,1400,1400
565,260,15,0.1386324773902163,0.00112371101816422,5.500594436792566e-05,2352,1548,1548
566,260,16,0.9999999999998419,0.0002621134961758557,0.001917732170996392,2496,1704,1704
567,260,17,0.9999999999998419,0.000324532844663165,0.0010994454770219474,2496,1768,1768
568,260,18,0.9999999999998419,0.002524799918816733,0.00525583559459457,2496,1832,1832
569,260,19,0.9999999999998419,0.00277497794525682,0.008278263597772858,2496,1896,1896
570,260,5,1.248700264037739e-07,5.859607950417967e-07,2.308819608038613e-06,318,320,306
571,260,6,3.826094566598832e-08,2.36947436905093e-06,4.5412007382240406e-05,408,424,342
572,260,7,1.576115162040857e-06,3.039272170273079e-06,5.180822302830826e-06,510,544,544
573,260,8,1.2166428551278495e-06,1.6693123805375126e-05,0.00018745756260393754,624,680,522
574,260,9,2.3647156846393334e-06,2.2212372109249887e-05,9.414685673491155e-05,724,780,754
575,260,10,1.6624884560856033e-06,5.209812271619404e-05,4.0020847698064744e-05,832,888,888
576,260,11,5.702561997479535e-06,3.118798002143702e-05,2.1560981096515014e-05,948,1004,1004
577,260,12,2.1297110857389985e-05,0.00010572245296941878,0.0001350041818922447,1072,1128,1128
578,260,13,4.1328560120772424e-05,2.9812666827226156e-05,0.00036239867717788554,1204,1260,1260
579,260,14,8.786665611458457e-05,0.0004426478014551313,0.0006017563446739848,1344,1400,1400
580,260,15,0.00018984830132470429,0.0004357664743283159,0.00023816520818314827,1492,1548,1548
581,260,16,0.0002156759512062218,0.0006240218617316488,0.0018032373148981148,1648,1704,1704
582,260,17,0.00023430179003171381,0.0025369691847490342,0.003603155931405286,1648,1768,1768
583,260,18,0.0004149261383534236,0.0032590777633116,0.0019183413055157985,1648,1832,1832
584,260,19,0.0016322793160906159,0.0022035015552547316,0.00475410443261256,1648,1896,1896
585,260,5,1.663666904920727e-06,6.306443277955453e-07,3.0063298528532614e-06,328,320,320
586,260,6,2.4611726937708004e-07,3.430720257052157e-06,1.359878336049985e-06,432,424,424
587,260,7,7.812130299365842e-07,6.982120240469658e-06,4.01920403012744e-06,552,544,544
588,260,8,1.0582852305320069e-06,7.852376578016825e-07,2.843402420493002e-06,688,680,680
589,260,9,2.6847809195138305e-07,1.8934413270203485e-06,1.6733342078163837e-05,752,780,780
590,260,10,1.0442213770552474e-05,1.201551688917588e-05,1.9193338927598803e-05,816,888,888
591,260,11,6.9346866198294025e-06,4.527577030669495e-05,6.203570274652013e-05,880,1004,1004
592,260,12,3.0399633725504336e-06,6.415485619654893e-05,0.0013165183176094763,944,1128,1128
593,260,13,3.689863183252144e-05,0.00014100492456464833,0.0003719861477249836,1008,1260,1260
594,260,14,0.0001226642544135162,0.00018711204617958825,0.00021767034685950395,1072,1400,1400
595,260,15,8.528955532206362e-05,0.0002072570869022283,0.0003112881617916366,1136,1548,1548
596,260,16,0.00010576643335664358,0.00030992592200741634,0.0016271348017573327,1200,1704,1704
597,260,17,0.0002678897009796369,0.0014614993487397688,0.002378933746172728,1264,1768,1768
598,260,18,0.0003200770680314051,0.0010218839200255335,0.0019526079165361832,1328,1832,1832
599,260,19,0.0007089958198606331,0.0018124963169229512,0.003742166868402176,1392,1896,1896
600,290,5,2.1497402746267443e-07,3.888590284849156e-08,4.2631309041937183e-07,354,320,320
601,290,6,6.92868568766391e-07,8.535172885829018e-08,4.1661195314971335e-07,424,424,424
602,290,7,1.6968530426157218e-07,1.1933692698344612e-06,0.00020756352798889093,498,544,426
603,290,8,1.1422332961782523e-06,6.007812235221799e-07,3.380492847681605e-06,576,680,632
604,290,9,3.3513852360155803e-06,1.1882437446716018e-06,0.000267279134822587,658,780,384
605,290,10,4.0430870427537667e-07,5.386946798369975e-05,0.0003629573615960219,744,584,474
606,290,11,5.6288266272485113e-05,2.8247300834164856e-05,0.0007610462489216157,834,966,788
607,290,12,6.190859603173475e-07,0.0001233595173022008,0.00033022273191001813,928,1128,900
608,290,13,1.7648621188220584e-05,0.00012629455550730855,0.002516629368880894,1026,1260,1260
609,290,14,0.0007881530940316208,0.00020088884276998114,0.0018345325898419817,1128,1400,1400
610,290,15,0.00022335255062581077,0.0010921123108263086,0.0006223880169506696,1234,1548,1548
611,290,16,2.812685603690779e-05,0.0001672957635399456,0.001093047822483721,1344,1704,1704
612,290,17,0.00011191796411670201,0.0021151324744248926,0.0016394179232877009,1408,1768,1768
613,290,18,0.00041062456541851426,0.0015034709840051023,0.0017721299452830369,1472,1832,1832
614,290,19,0.0008387251229154007,0.002928463631236695,0.0028912438063886914,1536,1896,1896
615,290,5,6.04428017802623e-07,1.3236513201287913e-06,2.1195135897309127e-07,288,320,320
616,290,6,7.495983365802798e-08,4.1735246117683935e-07,3.685043558601056e-08,364,424,424
617,290,7,1.5143332178155195e-06,3.8071546152738783e-06,5.435915131456884e-06,448,544,544
618,290,8,1.3429031157490703e-06,6.81411708889511e-06,2.039710225067931e-06,540,680,680
619,290,9,4.984569369004685e-06,5.985224949536335e-05,8.183690439549215e-06,640,654,780
620,290,10,6.237147741291662e-06,6.9480749638245005e-06,2.2664396231980618e-05,748,888,888
621,290,11,3.963635813560198e-06,1.1831450644474449e-05,8.768106635166245e-05,864,1004,1004
622,290,12,0.00019671266056502774,0.00014957286000430139,5.000310794679815e-05,988,1128,1128
623,290,13,1.5096675059934361e-05,0.0007290065722782846,0.0003601025735517926,1120,1260,1260
624,290,14,3.782075239165079e-05,0.0008040402478703691,0.0001338675153781652,1260,1400,1400
625,290,15,3.596463811964479e-05,6.462426277924111e-05,0.000233143770682064,1408,1548,1548
626,290,16,0.00013412870738172084,0.0005277286583945873,0.0003360590776931992,1564,1704,1704
627,290,17,0.0005746020415172408,0.0020009287463927483,0.0020860855094045417,1564,1768,1768
628,290,18,0.0006461034093910457,0.003499745369185522,0.001481774039306306,1564,1832,1832
629,290,19,0.0007842787078213199,0.0011276084611028807,0.0016509341861620519,1564,1896,1896
630,290,5,1.6305141266346945e-07,6.305399039969539e-07,1.926489357148621e-06,318,320,320
631,290,6,5.239638567521842e-08,5.120157478204341e-05,6.238184149909251e-06,408,354,424
632,290,7,3.7507946677908366e-07,2.6484010552038633e-05,6.827747581144868e-06,510,478,544
633,290,8,7.715631534565457e-07,0.0001818775766513204,7.261493529774293e-05,624,656,680
634,290,9,3.5597231384401216e-06,0.00013843967206280004,0.00041515512210631763,706,728,690
635,290,10,1.0341294602619279e-05,0.00045387229956084636,3.331339478705541e-05,792,664,888
636,290,11,3.35347692667517e-06,0.0001281592929608114,3.7446114063706214e-05,882,1004,1004
637,290,12,1.0156279483316775e-05,0.0004074962729478294,0.00046734774721259557,976,1128,1128
638,290,13,1.2649288050643558e-05,0.001351737952446098,0.002692283122276436,1074,1260,1260
639,290,14,3.249317775527773e-05,0.0064879131131820875,0.0011546319276695065,1176,1400,1400
640,290,15,3.616901824041739e-05,0.0019774134088168978,0.0006978045345512651,1282,1548,1548
641,290,16,5.5337154892165116e-05,0.005871503393565225,0.0037996028922341915,1392,1704,1704
642,290,17,0.00019980957353377783,0.004228824536164435,0.0006429885799724942,1456,1768,1768
643,290,18,0.0003004588560476164,0.004636128867730769,0.00246576714952585,1520,1832,1832
644,290,19,0.0006149286733860675,0.005927795488012091,0.004974651919302128,1584,1896,1896
645,290,5,1.5576798642134267e-07,1.4494001281085696e-06,1.4659457994756615e-06,318,180,208
646,290,6,2.696620929635837e-07,1.0211853455500029e-05,1.7941463796373615e-06,408,424,160
647,290,7,1.5818976882560523e-07,0.00024201393670401716,1.1279346934467811e-05,510,192,516
648,290,8,9.528573319952291e-08,1.1412310971496622e-05,0.00010585645529425385,624,632,656
649,290,9,3.5078497956075066e-07,3.4915340448117235e-05,0.0001585718296765546,724,780,674
650,290,10,2.071482681701908e-07,1.628005079733171e-05,2.6877615351533197e-05,832,888,888
651,290,11,8.837115196080817e-06,8.316121761970584e-05,7.229756871205868e-05,948,1004,1004
652,290,12,4.490915103386283e-06,6.644408448033937e-05,0.0002056246224995628,1072,1128,1128
653,290,13,5.830069662184053e-06,0.0007987872587318291,0.0016818868776387014,1204,1260,1260
654,290,14,1.4219804018661159e-05,0.0006747891494711704,0.0005971026019482614,1344,1400,1400
655,290,15,3.265548376988546e-05,0.00033052299785185315,0.00026358699349376084,1492,1548,1548
656,290,16,0.00036430658503639775,0.0009916329571885824,0.001660716770615707,1648,1704,1704
657,290,17,0.0001824962502038709,0.002239369358776115,0.0027176985750394953,1648,1768,1768
658,290,18,0.00046736571211566496,0.0015295969003741073,0.0024748709167411345,1648,1832,1832
659,290,19,0.0003070481012129132,0.0023076287924834096,0.00789504246310942,1648,1896,1896
660,290,5,9.110333173862705e-07,2.1283263313419776e-06,1.8997744123191668e-06,308,302,320
661,290,6,2.045200955031282e-06,8.921353783597966e-07,4.11046395295481e-06,384,424,424
662,290,7,2.197846923116954e-07,4.598797138153443e-06,2.214734825662801e-05,468,544,544
663,290,8,1.8037602325710761e-06,8.053287071474806e-06,1.4109420642301918e-05,560,680,680
664,290,9,1.1186955877646102e-05,2.9944057256013366e-06,5.22102416937203e-05,660,780,780
665,290,10,5.095600190269684e-06,0.00011513607123720284,0.00017336986661865055,768,706,852
666,290,11,8.470426764928879e-06,1.2767132416698422e-05,8.267573636803487e-05,884,1004,1004
667,290,12,1.3856734182362362e-05,6.015006187053337e-05,2.9251997297759032e-05,1008,1128,1128
668,290,13,9.930333665516466e-06,0.00014420028725064757,0.0005900525477304638,1140,1260,1260
669,290,14,4.585077798101244e-06,0.0006520221007922758,0.0017074029251431767,1280,1400,1400
670,290,15,8.385222361538807e-05,0.0005417230084424819,0.0002190746542204661,1428,1548,1548
671,290,16,0.00011960362734900631,0.0005649418338897794,0.0022535898343934197,1584,1704,1704
672,290,17,0.0003440896465997469,0.0016996940796594308,0.000722834170623098,1648,1768,1768
673,290,18,0.00019405092909247957,0.002429316949600036,0.0033349782436858716,1712,1832,1832
674,290,19,0.00013034149567679325,0.0016502995642440597,0.003428814188153662,1776,1896,1896
